itemBarcode,itemId,itemName,itemNumber,status,lastUpdated,customerId,adminNotes
683269185,e8544a46,Oksigen 1m3,0003,,8/13/2025 12:01:27,AKGREADY,
,e8544a46,Oksigen 1m3,0005,,8/13/2025 12:02:48,AKGREADY,
683328637,e8544a46,Oksigen 1m3,0006,,8/13/2025 12:02:26,AKGREADY,
,e8544a46,Oksigen 1m3,0009,,8/13/2025 12:03:13,5d599a87,
673544971,8bdbe149,Oksigen 6m3,1101,,9/13/2025 13:35:32,ba97d58d,
682458205,8bdbe149,Oksigen 6m3,1102,,11/22/2025 13:43:47,1c4d5e93,
,8bdbe149,Oksigen 6m3,1103,,,01158be1,
,8bdbe149,Oksigen 6m3,1104,,,45d814b4,
672403145,8bdbe149,Oksigen 6m3,1105,,9/8/2025 8:15:14,a0f0ad2d,
672403154,8bdbe149,Oksigen 6m3,1106,,9/30/2025 8:47:11,a0f0ad2d,
672403066,8bdbe149,Oksigen 6m3,1107,,9/11/2025 8:23:13,58b72e0c,
2026000440,8bdbe149,Oksigen 6m3,1108,,1/30/2026 12:59:54,734c6d17,
682359357,8bdbe149,Oksigen 6m3,1109,,11/5/2025 16:59:26,AKGREADY,
672403109,8bdbe149,Oksigen 6m3,1110,,8/30/2025 9:46:15,3b04351a,
673540726,8bdbe149,Oksigen 6m3,11100,,8/13/2025 11:58:50,a0f0ad2d,
683327203,8bdbe149,Oksigen 6m3,11101,,8/29/2025 9:20:17,8ea74d81,
683327197,8bdbe149,Oksigen 6m3,11102,,8/7/2025 14:45:44,1c48ae79,
,8bdbe149,Oksigen 6m3,11104,,10/31/2025 14:43:53,057b6b99,
673540735,8bdbe149,Oksigen 6m3,11105,,9/10/2025 9:33:16,63fc688a,
,8bdbe149,Oksigen 6m3,11106,,11/4/2025 17:02:16,a0f0ad2d,
682456571,8bdbe149,Oksigen 6m3,11107,,11/7/2025 10:44:24,AKGREADY,
683324039,8bdbe149,Oksigen 6m3,11108,,11/11/2025 10:21:58,a9fe1bea,
2026000457,8bdbe149,Oksigen 6m3,11109,,1/28/2026 15:33:29,AKGREADY,
672403075,8bdbe149,Oksigen 6m3,1111,,9/19/2025 8:36:30,AKGREADY,
112455,8bdbe149,Oksigen 6m3,11110,,1/28/2026 16:47:45,faf71ae5,
673541530,8bdbe149,Oksigen 6m3,11111,,9/9/2025 10:10:55,2d88931c,
672405754,8bdbe149,Oksigen 6m3,11112,,8/27/2025 11:56:31,8ea74d81,
683275724,8bdbe149,Oksigen 6m3,11113,,9/19/2025 8:38:08,63fc688a,
673544999,8bdbe149,Oksigen 6m3,11114,,8/4/2025 11:28:08,bdb5baf3,
673542733,8bdbe149,Oksigen 6m3,11115,,9/9/2025 10:08:41,9828dfc5,
682361413,8bdbe149,Oksigen 6m3,11116,,11/3/2025 15:34:58,4ec68cf6,
673540355,8bdbe149,Oksigen 6m3,11117,,9/9/2025 10:10:35,63fc688a,
683325250,8bdbe149,Oksigen 6m3,11118,,9/9/2025 10:10:42,a9fe1bea,
2026000454,8bdbe149,Oksigen 6m3,11119,,1/28/2026 16:47:55,9828dfc5,
672403093,8bdbe149,Oksigen 6m3,1112,,9/27/2025 14:51:43,63fc688a,
682458214,8bdbe149,Oksigen 6m3,11120,,11/22/2025 13:44:18,AKGREADY,
682361422,8bdbe149,Oksigen 6m3,11121,,11/14/2025 13:59:56,eec2e801,
683319161,8bdbe149,Oksigen 6m3,11122,,9/19/2025 16:25:23,63fc688a,
2026000419,8bdbe149,Oksigen 6m3,11123,,2/5/2026 9:17:06,02c693f1,
2026000487,8bdbe149,Oksigen 6m3,11124,,1/27/2026 9:09:06,4ec68cf6,
673539261,8bdbe149,Oksigen 6m3,11125,,8/29/2025 9:19:21,a9fe1bea,
673539225,8bdbe149,Oksigen 6m3,11126,,9/19/2025 16:26:53,AKGREADY,
673540638,8bdbe149,Oksigen 6m3,11127,,9/9/2025 10:08:10,AKGREADY,
673544324,8bdbe149,Oksigen 6m3,11128,,,AKGREADY,
682368346,8bdbe149,Oksigen 6m3,11129,,1/27/2026 9:06:13,63fc688a,
672403084,8bdbe149,Oksigen 6m3,1113,,,63fc688a,
682461892,8bdbe149,Oksigen 6m3,11130,,12/4/2025 9:28:06,e86baf3b,
683270604,8bdbe149,Oksigen 6m3,11132,,8/27/2025 11:56:55,AKGREADY,
673539331,8bdbe149,Oksigen 6m3,11133,,8/30/2025 9:42:33,eec2e801,
2026000402,8bdbe149,Oksigen 6m3,11134,,2/7/2026 14:23:36,2d88931c,
673539827,7d2764f1,Oksigen 7m3,11135,,9/11/2025 8:35:23,7b9d8eba,
683269583,7d2764f1,Oksigen 7m3,11136,,8/20/2025 11:25:09,9b941888,
673546696,7d2764f1,Oksigen 7m3,11137,,9/26/2025 14:59:16,AKGREADY,
2026000460,7d2764f1,Oksigen 7m3,11138,,1/28/2026 15:41:12,9b941888,
683330711,7d2764f1,Oksigen 7m3,11139,,2/11/2026 10:02:41,01158be1,
No barcode,8bdbe149,Oksigen 6m3,1114,,2/19/2026 10:22:47,01158be1,
683271241,7d2764f1,Oksigen 7m3,11140,,11/22/2025 13:42:50,f7243d00,
683322606,7d2764f1,Oksigen 7m3,11141,,8/20/2025 11:26:26,9e66ced9,
673545253,7d2764f1,Oksigen 7m3,11142,,11/22/2025 13:42:13,01158be1,
673541187,7d2764f1,Oksigen 7m3,11143,,11/22/2025 13:42:03,63fc688a,
683321458,7d2764f1,Oksigen 7m3,11144,,8/13/2025 11:52:54,AKGREADY,
683319189,7d2764f1,Oksigen 7m3,11145,,8/29/2025 8:33:03,63fc688a,
683319301,7d2764f1,Oksigen 7m3,11146,,9/11/2025 8:36:44,AKGREADY,
683319277,7d2764f1,Oksigen 7m3,11147,,8/29/2025 16:58:36,f7243d00,
683321397,7d2764f1,Oksigen 7m3,11148,,8/20/2025 11:24:42,3b04351a,
683319310,7d2764f1,Oksigen 7m3,11149,,8/29/2025 17:01:15,f7243d00,
672401280,8bdbe149,Oksigen 6m3,1115,,8/7/2025 14:43:10,58b72e0c,
2026000444,7d2764f1,Oksigen 7m3,11150,,1/30/2026 9:46:48,f7243d00,
2026000410,7d2764f1,Oksigen 7m3,11151,,2/7/2026 14:24:40,01158be1,
673546030,7d2764f1,Oksigen 7m3,11152,,8/15/2025 14:46:50,01158be1,
683326073,7d2764f1,Oksigen 7m3,11153,,9/19/2025 8:34:18,AKGREADY,
673541415,7d2764f1,Oksigen 7m3,11154,,9/19/2025 8:34:27,e86baf3b,
673541141,7d2764f1,Oksigen 7m3,11155,,11/20/2025 10:01:09,f7243d00,
673545402,7d2764f1,Oksigen 7m3,11157,,11/24/2025 11:00:29,b218b89b,
673539298,7d2764f1,Oksigen 7m3,11158,,7/30/2025 16:14:23,01158be1,
683320583,8bdbe149,Oksigen 6m3,11159,,8/4/2025 16:34:46,e76bc39c,
682456757,8bdbe149,Oksigen 6m3,1116,,11/7/2025 9:31:32,AKGREADY,
683321421,7d2764f1,Oksigen 7m3,11160,,7/30/2025 16:14:08,dcc017cb,
673540665,7d2764f1,Oksigen 7m3,11161,,8/6/2025 10:34:43,63fc688a,
2026000424,7d2764f1,Oksigen 7m3,11162,,2/5/2026 9:01:23,f7243d00,
2026000407,7d2764f1,Oksigen 7m3,11163,,2/7/2026 14:24:55,AKGREADY,
683326170,7d2764f1,Oksigen 7m3,11164,,9/12/2025 15:25:25,e86baf3b,
682368382,8bdbe149,Oksigen 6m3,11165,,11/12/2025 8:43:28,a9fe1bea,
2026000459,7d2764f1,Oksigen 7m3,11166,,1/28/2026 15:41:02,01158be1,
673544494,7d2764f1,Oksigen 7m3,11167,,9/1/2025 10:38:17,01158be1,
683279207,7d2764f1,Oksigen 7m3,11168,,9/22/2025 14:45:49,AKGREADY,
673544573,7d2764f1,Oksigen 7m3,11169,,11/20/2025 12:40:18,63fc688a,
672403224,8bdbe149,Oksigen 6m3,1117,,9/30/2025 8:42:53,58b72e0c,
683321412,7d2764f1,Oksigen 7m3,11170,,8/6/2025 10:37:15,01158be1,
673544555,7d2764f1,Oksigen 7m3,11171,,9/6/2025 9:52:16,f8a982a4,
2026000445,7d2764f1,Oksigen 7m3,11172,,1/30/2026 9:46:26,f7243d00,
673539775,7d2764f1,Oksigen 7m3,11173,,1/30/2026 9:46:38,63fc688a,
2026000409,7d2764f1,Oksigen 7m3,11174,,2/7/2026 14:24:23,AKGREADY,
673539216,8bdbe149,Oksigen 6m3,11175,,9/8/2025 8:27:52,63fc688a,
673545226,8bdbe149,Oksigen 6m3,11176,,8/7/2025 14:44:15,01158be1,
2026000405,8bdbe149,Oksigen 6m3,11177,,2/7/2026 14:22:17,AKGREADY,
683279270,7d2764f1,Oksigen 7m3,11178,,3/31/2026 9:11:12,63fc688a,
683269282,8bdbe149,Oksigen 6m3,11179,,9/19/2025 8:35:03,e86baf3b,
672403020,8bdbe149,Oksigen 6m3,1118,,8/28/2025 9:58:04,e86baf3b,
683325223,8bdbe149,Oksigen 6m3,11180,,9/19/2025 8:35:59,a0f0ad2d,
683270598,8bdbe149,Oksigen 6m3,11181,,8/27/2025 11:56:00,e86baf3b,
2026000408,8bdbe149,Oksigen 6m3,11182,,2/7/2026 14:34:27,9828dfc5,
682361769,8bdbe149,Oksigen 6m3,11183,,2/3/2026 14:30:46,785e0e07,
683319295,8bdbe149,Oksigen 6m3,11184,,10/4/2025 18:22:20,ce83e171,
682365729,8bdbe149,Oksigen 6m3,11185,,11/21/2025 11:49:39,182fb0fe,
672926673,8bdbe149,Oksigen 6m3,11186,,9/11/2025 8:23:31,b2b5f2c5,
682457808,8bdbe149,Oksigen 6m3,11187,,11/25/2025 14:38:42,AKGREADY,
673545244,8bdbe149,Oksigen 6m3,11188,,8/13/2025 12:00:48,b2b5f2c5,
673540337,8bdbe149,Oksigen 6m3,11189,,8/27/2025 11:54:43,eec2e801,
672401138,8bdbe149,Oksigen 6m3,1119,,10/8/2025 18:40:49,e86baf3b,
,8bdbe149,Oksigen 6m3,11190,,,AKGREADY,
673539191,8bdbe149,Oksigen 6m3,11191,,1/28/2026 15:41:27,98c84274,
682456526,8bdbe149,Oksigen 6m3,11192,,11/7/2025 10:45:06,9828dfc5,
683325764,8bdbe149,Oksigen 6m3,11193,,9/19/2025 8:36:54,03ff52db,
,8bdbe149,Oksigen 6m3,11194,,11/1/2025 11:16:38,AKGREADY,
672926682,7d2764f1,Oksigen 7m3,11195,,8/15/2025 14:47:37,1a1efff9,
682363271,8bdbe149,Oksigen 6m3,11196,,11/28/2025 8:19:58,63fc688a,
683325171,8bdbe149,Oksigen 6m3,11197,,9/19/2025 8:36:23,e86baf3b,
-,8bdbe149,Oksigen 6m3,11198,,2/11/2026 13:55:21,4ec68cf6,
683325302,8bdbe149,Oksigen 6m3,11199,,9/19/2025 8:35:42,3b04351a,
672401299,8bdbe149,Oksigen 6m3,1120,,,eec2e801,
683327249,8bdbe149,Oksigen 6m3,11200,,9/6/2025 9:46:23,ba97d58d,
682359366,8bdbe149,Oksigen 6m3,11201,,11/27/2025 11:16:01,AKGREADY,
no barcode,8bdbe149,Oksigen 6m3,11202,,2/21/2026 9:46:47,d9b2fac5,
683279571,8bdbe149,Oksigen 6m3,11203,,10/4/2025 18:21:25,eec2e801,
683327230,8bdbe149,Oksigen 6m3,11204,,9/6/2025 9:49:16,AKGREADY,
673546517,8bdbe149,Oksigen 6m3,11205,,11/7/2025 13:32:12,785e0e07,
673540692,8bdbe149,Oksigen 6m3,11206,,11/3/2025 15:35:39,9828dfc5,
683325214,8bdbe149,Oksigen 6m3,11207,,8/20/2025 11:18:36,AKGREADY,
673544290,8bdbe149,Oksigen 6m3,11208,,9/22/2025 10:26:03,AKGREADY,
683326091,8bdbe149,Oksigen 6m3,11209,,9/3/2025 12:21:17,9828dfc5,
672403251,8bdbe149,Oksigen 6m3,1121,,9/11/2025 8:24:17,9828dfc5,
673539234,8bdbe149,Oksigen 6m3,11210,,8/14/2025 9:40:34,2d88931c,
682359348,8bdbe149,Oksigen 6m3,11211,,1/27/2026 9:05:56,b218b89b,
673540391,7d2764f1,Oksigen 7m3,11212,,8/29/2025 8:33:46,f7243d00,
673544689,7d2764f1,Oksigen 7m3,11213,,9/19/2025 8:33:35,d9b2fac5,
673544670,7d2764f1,Oksigen 7m3,11214,,9/19/2025 8:33:43,3bcd7fe6,
673544722,7d2764f1,Oksigen 7m3,11215,,9/19/2025 8:34:09,17a8e612,
673544777,7d2764f1,Oksigen 7m3,11216,,7/30/2025 16:15:36,057b6b99,
673544704,7d2764f1,Oksigen 7m3,11217,,9/9/2025 10:13:37,AKGREADY,
673544643,7d2764f1,Oksigen 7m3,11218,,9/8/2025 8:28:41,d9b2fac5,
12344319890,7d2764f1,Oksigen 7m3,11219,,2/11/2026 10:03:33,9e5d8274,
672401208,8bdbe149,Oksigen 6m3,1122,,9/11/2025 8:25:32,a0f0ad2d,
673544731,7d2764f1,Oksigen 7m3,11220,,9/6/2025 9:52:47,dcdf8b31,
673544838,7d2764f1,Oksigen 7m3,11221,,8/6/2025 12:04:31,AKGREADY,
673544652,7d2764f1,Oksigen 7m3,11222,,8/6/2025 12:04:43,d9b2fac5,
673544740,7d2764f1,Oksigen 7m3,11223,,9/19/2025 8:33:49,d9b2fac5,
673544759,7d2764f1,Oksigen 7m3,11224,,9/6/2025 9:53:00,370c84d1,
673544786,7d2764f1,Oksigen 7m3,11225,,8/28/2025 9:57:24,d9b2fac5,
673544801,7d2764f1,Oksigen 7m3,11226,,8/30/2025 9:54:32,8ea74d81,
673544661,7d2764f1,Oksigen 7m3,11227,,9/9/2025 9:47:46,3bcd7fe6,
i19827,8bdbe149,Oksigen 6m3,11228,,2/9/2026 13:55:52,AKGREADY,
683324437,8bdbe149,Oksigen 6m3,11229,,1/30/2026 9:03:01,b218b89b,
,8bdbe149,Oksigen 6m3,1123,,11/1/2025 11:18:35,AKGREADY,
673544829,7d2764f1,Oksigen 7m3,11230,,7/30/2025 16:16:15,dcdf8b31,
683324473,8bdbe149,Oksigen 6m3,11231,,9/6/2025 9:48:59,AKGREADY,
683321449,8bdbe149,Oksigen 6m3,11232,,8/27/2025 12:05:10,b218b89b,
683327179,8bdbe149,Oksigen 6m3,11234,,9/23/2025 15:01:25,a9fe1bea,
683324491,8bdbe149,Oksigen 6m3,11235,,9/24/2025 15:12:53,AKGREADY,
2026000462,8bdbe149,Oksigen 6m3,11236,,1/28/2026 15:33:10,AKGREADY,
683321944,8bdbe149,Oksigen 6m3,11237,,11/7/2025 13:33:08,785e0e07,
683321953,8bdbe149,Oksigen 6m3,11238,,9/13/2025 13:36:48,b218b89b,
683324419,8bdbe149,Oksigen 6m3,11239,,8/20/2025 14:54:12,AKGREADY,
672403215,8bdbe149,Oksigen 6m3,1124,,7/30/2025 15:57:45,3b04351a,
683324428,8bdbe149,Oksigen 6m3,11240,,12/21/2025 10:40:02,eec2e801,
683269574,8bdbe149,Oksigen 6m3,11241,,8/20/2025 11:28:18,8ea74d81,
672403011,8bdbe149,Oksigen 6m3,11242,,9/19/2025 8:36:14,eec2e801,
,8bdbe149,Oksigen 6m3,11243,,8/16/2025 18:03:47,8f5ebaea,
683327160,8bdbe149,Oksigen 6m3,11244,,,AKGREADY,
683326107,8bdbe149,Oksigen 6m3,11245,,9/19/2025 8:38:45,58b72e0c,
682367231,8bdbe149,Oksigen 6m3,11246,,1/8/2026 12:21:33,eec2e801,
683329751,8bdbe149,Oksigen 6m3,11247,,8/29/2025 9:25:38,a9fe1bea,
2026000420,8bdbe149,Oksigen 6m3,11248,,2/5/2026 9:17:46,AKGREADY,
683269565,8bdbe149,Oksigen 6m3,11249,,9/11/2025 8:22:50,AKGREADY,
NOT ASIGNED YET,8bdbe149,Oksigen 6m3,1125,,1/21/2026 12:27:43,AKGREADY,
2026000403,8bdbe149,Oksigen 6m3,11250,,2/7/2026 14:22:43,eec2e801,
683326134,8bdbe149,Oksigen 6m3,11251,,9/9/2025 10:08:51,eec2e801,
683279580,8bdbe149,Oksigen 6m3,11252,,9/26/2025 15:15:57,b218b89b,
682456508,8bdbe149,Oksigen 6m3,11253,,11/7/2025 10:48:05,AKGREADY,
,8bdbe149,Oksigen 6m3,11254,,8/16/2025 18:04:02,8f5ebaea,
2026000367,8bdbe149,Oksigen 6m3,11255,,2/16/2026 13:27:54,AKGREADY,
683324482,8bdbe149,Oksigen 6m3,11256,,9/19/2025 8:38:22,734c6d17,
,8bdbe149,Oksigen 6m3,11257,,8/28/2025 9:56:28,AKGREADY,
683321935,8bdbe149,Oksigen 6m3,11258,,8/28/2025 10:01:50,b218b89b,
682368319,8bdbe149,Oksigen 6m3,1126,,11/12/2025 8:43:05,AKGREADY,
683322527,8bdbe149,Oksigen 6m3,11260,,9/11/2025 8:18:37,ba97d58d,
683329335,8bdbe149,Oksigen 6m3,11261,,9/6/2025 9:12:09,63fc688a,
683325287,8bdbe149,Oksigen 6m3,11262,,9/30/2025 8:47:43,ba97d58d,
683325199,8bdbe149,Oksigen 6m3,11263,,9/19/2025 8:35:12,a9fe1bea,
683325241,8bdbe149,Oksigen 6m3,11265,,8/20/2025 11:22:08,AKGREADY,
683322572,8bdbe149,Oksigen 6m3,11266,,8/30/2025 9:44:48,63fc688a,
2026000418,8bdbe149,Oksigen 6m3,11267,,2/5/2026 9:17:33,AKGREADY,
682368337,8bdbe149,Oksigen 6m3,11268,,11/22/2025 9:28:30,AKGREADY,
683322590,7d2764f1,Oksigen 7m3,11269,,12/2/2025 13:29:30,01158be1,
2026000406,8bdbe149,Oksigen 6m3,1127,,2/7/2026 14:22:33,89d46c39,
683322615,8bdbe149,Oksigen 6m3,11270,,8/30/2025 9:43:07,e86baf3b,
683324048,8bdbe149,Oksigen 6m3,11271,,8/30/2025 9:44:05,b218b89b,
683326143,8bdbe149,Oksigen 6m3,11272,,8/28/2025 9:59:22,9828dfc5,
683329186,8bdbe149,Oksigen 6m3,11273,,8/20/2025 11:21:50,a9fe1bea,
682456599,8bdbe149,Oksigen 6m3,11274,,11/7/2025 10:44:45,e86baf3b,
683321917,8bdbe149,Oksigen 6m3,11275,,1/13/2026 16:50:38,63fc688a,
683324002,8bdbe149,Oksigen 6m3,11276,,1/27/2026 9:33:35,AKGREADY,
683271807,8bdbe149,Oksigen 6m3,11277,,8/30/2025 9:46:51,AKGREADY,
683324464,8bdbe149,Oksigen 6m3,11278,,8/12/2025 11:30:13,03ff52db,
2026000359,8bdbe149,Oksigen 6m3,11279,,2/19/2026 8:47:16,AKGREADY,
2026000360,7d2764f1,Oksigen 7m3,1128,,2/19/2026 8:43:40,8ea74d81,
2026000461,8bdbe149,Oksigen 6m3,11280,,1/28/2026 15:32:47,AKGREADY,
697120485,8bdbe149,Oksigen 6m3,11281,,2/9/2026 15:47:41,057b6b99,
683330067,8bdbe149,Oksigen 6m3,11282,,9/19/2025 8:36:41,b2b5f2c5,
683325296,8bdbe149,Oksigen 6m3,11283,,9/6/2025 9:48:43,eec2e801,
683325311,8bdbe149,Oksigen 6m3,11284,,8/20/2025 11:21:22,a9fe1bea,
683327212,8bdbe149,Oksigen 6m3,11285,,8/7/2025 14:43:41,AKGREADY,
682456553,8bdbe149,Oksigen 6m3,11286,,11/7/2025 10:45:50,02c693f1,
683325773,8bdbe149,Oksigen 6m3,11287,,9/19/2025 16:25:57,9828dfc5,
683324011,8bdbe149,Oksigen 6m3,11288,,8/20/2025 11:21:01,eec2e801,
683327188,8bdbe149,Oksigen 6m3,11289,,8/21/2025 11:53:21,AKGREADY,
682365215,8bdbe149,Oksigen 6m3,1129,,10/28/2025 8:32:15,b218b89b,
682459815,8bdbe149,Oksigen 6m3,11290,,11/27/2025 11:16:18,98c84274,
683320574,7d2764f1,Oksigen 7m3,11291,,10/22/2025 15:52:14,7b9d8eba,
682461777,7d2764f1,Oksigen 7m3,11292,,12/4/2025 9:29:20,63fc688a,
682456580,8bdbe149,Oksigen 6m3,11293,Nomor Baru,11/7/2025 10:49:30,9e31e9f4,
682456614,8bdbe149,Oksigen 6m3,11294,Nomor Baru,11/7/2025 10:49:14,AKGREADY,
682456544,8bdbe149,Oksigen 6m3,11296,Nomor Baru,11/7/2025 13:20:53,63fc688a,
682368328,8bdbe149,Oksigen 6m3,11297,Nomor Baru,1/8/2026 12:32:52,02c693f1,
682457154,7d2764f1,Oksigen 7m3,11298,,11/13/2025 8:44:25,AKGREADY,
682457145,7d2764f1,Oksigen 7m3,11299,,11/13/2025 8:44:34,7b9d8eba,
672401253,8bdbe149,Oksigen 6m3,1130,,8/30/2025 9:41:42,3abcf4e3,
640700366,7d2764f1,Oksigen 7m3,11300,,11/13/2025 8:44:42,AKGREADY,
682457206,7d2764f1,Oksigen 7m3,11301,,11/13/2025 8:44:52,63fc688a,
682457172,7d2764f1,Oksigen 7m3,11302,,11/13/2025 8:45:01,057b6b99,
682461810,7d2764f1,Oksigen 7m3,11303,,2/11/2026 16:58:13,f8a982a4,
682457215,7d2764f1,Oksigen 7m3,11304,,11/13/2025 8:45:21,63fc688a,
682457163,7d2764f1,Oksigen 7m3,11305,,11/13/2025 8:45:32,58b72e0c,
2026000421,7d2764f1,Oksigen 7m3,11306,,2/10/2026 12:31:52,057b6b99,
682457190,7d2764f1,Oksigen 7m3,11307,,11/13/2025 8:45:53,01158be1,
696403813,8bdbe149,Oksigen 6m3,11308,Nomor Baru,1/28/2026 15:34:00,ba97d58d,
,8bdbe149,Oksigen 6m3,11309,Nomor Baru,12/5/2025 11:11:47,9e66ced9,
2026000372,8bdbe149,Oksigen 6m3,1131,,2/13/2026 9:54:28,AKGREADY,
696408100,8bdbe149,Oksigen 6m3,11310,Nomor Baru,2/4/2026 10:29:41,3b04351a,
2026000417,8bdbe149,Oksigen 6m3,11311,Nomor Baru,2/5/2026 9:16:40,e86baf3b,
2026000404,8bdbe149,Oksigen 6m3,11312,Nomor Baru,2/7/2026 14:22:07,e86baf3b,
2026000477,7d2764f1,Oksigen 7m3,11314,,1/27/2026 9:49:05,f7243d00,
2026000430,8bdbe149,Oksigen 6m3,11315,,2/2/2026 10:23:00,AKGREADY,
2026000366,8bdbe149,Oksigen 6m3,11316,,2/16/2026 13:28:06,9e66ced9,
2026000443,7d2764f1,Oksigen 7m3,11317,,4/7/2026 8:46:28,AKGREADY,
696411195,7d2764f1,Oksigen 7m3,11318,,1/27/2026 9:12:21,f7243d00,
11223,8bdbe149,Oksigen 6m3,11319,,12/19/2025 10:34:59,AKGREADY,
672401217,8bdbe149,Oksigen 6m3,1132,,8/30/2025 9:43:22,eec2e801,
1425363,8bdbe149,Oksigen 6m3,11320,,12/19/2025 10:35:21,1c4d5e93,
112563,8bdbe149,Oksigen 6m3,11321,,12/19/2025 10:35:42,1c4d5e93,
1125366,8bdbe149,Oksigen 6m3,11322,,12/19/2025 10:36:03,AKGREADY,
2026000442,8bdbe149,Oksigen 6m3,11323,,1/30/2026 9:47:13,734c6d17,
2026000447,8bdbe149,Oksigen 6m3,11324,,1/30/2026 9:41:44,AKGREADY,
1425136,8bdbe149,Oksigen 6m3,11325,,12/19/2025 10:37:19,dcc017cb,
2026000485,8bdbe149,Oksigen 6m3,11326,,1/27/2026 9:36:43,dcdf8b31,
2026000429,7d2764f1,Oksigen 7m3,11327,,3/17/2026 8:48:24,63fc688a,
111111111,8bdbe149,Oksigen 6m3,11328,,12/19/2025 13:22:13,f8a982a4,
696411186,7d2764f1,Oksigen 7m3,11329,,1/27/2026 9:12:11,ca4876e2,
682368364,8bdbe149,Oksigen 6m3,1133,,11/4/2025 8:29:42,3b04351a,
2026000370,7d2764f1,Oksigen 7m3,11330,,2/13/2026 9:57:44,4ec68cf6,
2026000438,7d2764f1,Oksigen 7m3,11331,,1/30/2026 16:18:35,ca4876e2,
683327151,8bdbe149,Oksigen 6m3,1134,,9/11/2025 8:33:45,9e66ced9,
672401147,8bdbe149,Oksigen 6m3,1135,,2/9/2026 8:26:20,ec231cc9,
683274822,8bdbe149,Oksigen 6m3,1136,,9/6/2025 9:11:51,b2b5f2c5,
682364076,8bdbe149,Oksigen 6m3,1137,,11/27/2025 11:17:53,2d88931c,
2026000441,8bdbe149,Oksigen 6m3,1138,,1/30/2026 12:59:43,9e66ced9,
672401323,8bdbe149,Oksigen 6m3,1139,,9/19/2025 8:38:29,e86baf3b,
682364182,8bdbe149,Oksigen 6m3,1140,,11/22/2025 13:43:32,eec2e801,
672401262,8bdbe149,Oksigen 6m3,1141,,,2d88931c,
672401235,8bdbe149,Oksigen 6m3,1142,,8/30/2025 9:46:39,e86baf3b,
672403233,8bdbe149,Oksigen 6m3,1143,,9/19/2025 8:35:50,b2b5f2c5,
672401129,8bdbe149,Oksigen 6m3,1144,,9/12/2025 9:10:37,58b72e0c,
2026000371,8bdbe149,Oksigen 6m3,1146,,2/13/2026 9:54:45,eec2e801,
2026000399,8bdbe149,Oksigen 6m3,1147,,2/9/2026 15:49:02,58b72e0c,
672401101,8bdbe149,Oksigen 6m3,1148,,9/9/2025 10:12:05,58ae16eb,
672403242,8bdbe149,Oksigen 6m3,1149,,8/14/2025 9:42:16,a9fe1bea,
672401305,8bdbe149,Oksigen 6m3,1150,,8/30/2025 9:44:22,ba97d58d,
673544564,8bdbe149,Oksigen 6m3,1151,,9/11/2025 8:14:38,3bcd7fe6,
683268867,8bdbe149,Oksigen 6m3,1152,,9/19/2025 8:35:28,182fb0fe,
673541178,8bdbe149,Oksigen 6m3,1153,,8/13/2025 11:56:27,057b6b99,
673540717,8bdbe149,Oksigen 6m3,1154,,8/7/2025 14:44:03,58b72e0c,
673544306,8bdbe149,Oksigen 6m3,1155,,9/11/2025 8:15:05,4ec68cf6,
,8bdbe149,Oksigen 6m3,1156,,11/6/2025 14:13:32,a9fe1bea,
682457181,8bdbe149,Oksigen 6m3,1157,,3/13/2026 13:55:49,AKGREADY,
2026000416,8bdbe149,Oksigen 6m3,1158,,2/5/2026 9:36:27,63fc688a,
673544713,7d2764f1,Oksigen 7m3,1161,,8/20/2025 11:26:06,1a1efff9,
112233,8bdbe149,Oksigen 6m3,1162,,12/10/2025 11:19:43,a9fe1bea,
672406373,8bdbe149,Oksigen 6m3,1164,,8/14/2025 9:38:17,AKGREADY,
673544810,7d2764f1,Oksigen 7m3,1165,,11/5/2025 11:58:03,17a8e612,
683329177,8bdbe149,Oksigen 6m3,1166,,11/1/2025 8:53:14,a9fe1bea,
673540674,8bdbe149,Oksigen 6m3,1168,,1/13/2026 16:48:17,9828dfc5,
673540708,8bdbe149,Oksigen 6m3,1169,,9/9/2025 10:09:43,ba97d58d,
673540346,8bdbe149,Oksigen 6m3,1170,,11/11/2025 14:25:17,AKGREADY,
672406364,8bdbe149,Oksigen 6m3,1171,,8/30/2025 9:45:06,AKGREADY,
2026000400,8bdbe149,Oksigen 6m3,1173,,2/7/2026 14:23:19,8ea74d81,
2026000446,8bdbe149,Oksigen 6m3,1176,,1/30/2026 9:42:36,3b04351a,
2026000373,8bdbe149,Oksigen 6m3,1181,,2/13/2026 9:54:15,80c9fe6d,
673546702,8bdbe149,Oksigen 6m3,1182,,8/6/2025 11:45:36,a0f0ad2d,
2026000401,8bdbe149,Oksigen 6m3,1183,,2/7/2026 14:24:04,3bcd7fe6,
683330678,8bdbe149,Oksigen 6m3,1184,,9/13/2025 13:37:28,ba97d58d,
683321908,8bdbe149,Oksigen 6m3,1185,,11/27/2025 11:15:13,9828dfc5,
673540382,8bdbe149,Oksigen 6m3,1186,,9/23/2025 8:35:51,e86baf3b,
683276079,8bdbe149,Oksigen 6m3,1187,,11/5/2025 16:56:16,8ea74d81,
682361431,8bdbe149,Oksigen 6m3,1188,,2/19/2026 12:21:52,ce83e171,
673545396,8bdbe149,Oksigen 6m3,1189,,9/19/2025 8:38:38,AKGREADY,
672405781,8bdbe149,Oksigen 6m3,1190,,10/28/2025 8:32:37,AKGREADY,
683320963,8bdbe149,Oksigen 6m3,1191,,8/12/2025 11:30:51,9828dfc5,
673540489,8bdbe149,Oksigen 6m3,1192,,9/19/2025 8:35:19,3bcd7fe6,
683273203,8bdbe149,Oksigen 6m3,1193,,11/22/2025 13:44:39,785e0e07,
682457613,8bdbe149,Oksigen 6m3,1194,,11/14/2025 8:40:22,3abcf4e3,
683268885,8bdbe149,Oksigen 6m3,1195,,8/6/2025 10:45:48,3abcf4e3,
682456562,8bdbe149,Oksigen 6m3,1196,,11/7/2025 10:43:32,02c693f1,
672406036,8bdbe149,Oksigen 6m3,1197,,7/30/2025 15:58:41,80c9fe6d,
683329122,8bdbe149,Oksigen 6m3,1198,,1/27/2026 9:51:59,d46989c9,
Di alihkan N2,66af7c72,Argon 6m3,12001,,1/31/2026 14:04:32,AKGREADY,
683271728,66af7c72,Argon 6m3,12002,,9/29/2025 11:00:40,17a8e612,
683270613,66af7c72,Argon 6m3,12003,,8/27/2025 15:50:43,e86baf3b,
Di alihkan N2,66af7c72,Argon 6m3,12004,,1/31/2026 14:04:56,AKGREADY,
683275070,66af7c72,Argon 6m3,12005,,2/19/2026 10:19:47,01158be1,
682367189,66af7c72,Argon 6m3,12006,,11/1/2025 13:04:41,e86baf3b,
2026000469,66af7c72,Argon 6m3,12007,,1/28/2026 15:38:55,AKGREADY,
,66af7c72,Argon 6m3,12008,,8/16/2025 19:44:38,e86baf3b,
682363253,66af7c72,Argon 6m3,12009,,10/11/2025 12:59:55,cac4449f,
Di alihkan O2,66af7c72,Argon 6m3,12010,,1/31/2026 14:01:28,AKGREADY,
683270622,66af7c72,Argon 6m3,12011,,8/27/2025 15:51:30,AKGREADY,
683275760,66af7c72,Argon 6m3,12012,,9/12/2025 15:18:30,e86baf3b,
683270677,66af7c72,Argon 6m3,12013,,8/27/2025 15:47:41,e86baf3b,
683270756,66af7c72,Argon 6m3,12014,,8/27/2025 15:46:56,e86baf3b,
683274965,66af7c72,Argon 6m3,12015,,9/22/2025 14:42:54,e86baf3b,
2026000468,66af7c72,Argon 6m3,12016,,1/29/2026 14:53:10,e86baf3b,
682364322,66af7c72,Argon 6m3,12017,,10/30/2025 11:29:15,17a8e612,
Di alihkan N2,66af7c72,Argon 6m3,12018,,1/31/2026 14:05:16,AKGREADY,
683275618,66af7c72,Argon 6m3,12019,,9/12/2025 15:17:28,e86baf3b,
683270765,66af7c72,Argon 6m3,12020,,8/30/2025 10:23:03,e86baf3b,
683270668,66af7c72,Argon 6m3,12021,,8/27/2025 15:51:19,e86baf3b,
,66af7c72,Argon 6m3,12022,,9/6/2025 9:50:18,45d814b4,
683327753,66af7c72,Argon 6m3,12023,,8/7/2025 8:21:46,17a8e612,
Di alihkan N2,66af7c72,Argon 6m3,12024,,1/31/2026 14:05:42,AKGREADY,
Di alihkan O2,66af7c72,Argon 6m3,12025,,1/31/2026 14:02:50,AKGREADY,
Di alihkan O2,66af7c72,Argon 6m3,12026,,1/31/2026 14:01:50,AKGREADY,
683271524,66af7c72,Argon 6m3,12027,,1/8/2026 12:29:55,e86baf3b,
683271515,66af7c72,Argon 6m3,12028,,11/1/2025 13:05:23,17a8e612,
Di alihkan CO2,66af7c72,Argon 6m3,12029,,1/31/2026 14:06:03,AKGREADY,
683269680,66af7c72,Argon 6m3,12030,,8/27/2025 15:46:15,e86baf3b,
683275663,66af7c72,Argon 6m3,12031,,9/11/2025 8:33:09,17a8e612,
,66af7c72,Argon 6m3,12032,,8/16/2025 19:43:39,e86baf3b,
2026000467,66af7c72,Argon 6m3,12033,,1/28/2026 15:39:08,e86baf3b,
2026000452,66af7c72,Argon 6m3,12034,,1/28/2026 16:55:00,AKGREADY,
2026000451,66af7c72,Argon 6m3,12035,,1/28/2026 16:55:21,e86baf3b,
683327762,66af7c72,Argon 6m3,12036,,9/11/2025 8:39:33,AKGREADY,
Di alihkan O2,66af7c72,Argon 6m3,12037,,1/31/2026 14:02:38,AKGREADY,
683274983,66af7c72,Argon 6m3,12038,,9/22/2025 14:44:17,9e5d8274,
Di alihkan O2,66af7c72,Argon 6m3,12039,,1/31/2026 14:07:25,AKGREADY,
683271773,66af7c72,Argon 6m3,12040,,8/30/2025 9:48:53,AKGREADY,
,66af7c72,Argon 6m3,12041,,10/18/2025 13:50:45,e86baf3b,
683270640,66af7c72,Argon 6m3,12042,,8/27/2025 15:49:58,17a8e612,
682462086,66af7c72,Argon 6m3,12043,,1/8/2026 12:27:25,17a8e612,
683271755,66af7c72,Argon 6m3,12044,,8/30/2025 9:48:18,370c84d1,
Di alihkan O2,66af7c72,Argon 6m3,12045,,1/31/2026 14:08:12,AKGREADY,
683274947,66af7c72,Argon 6m3,12046,,9/22/2025 14:44:31,0fb2135d,
683274938,66af7c72,Argon 6m3,12047,,9/22/2025 14:44:45,e86baf3b,
Di alihkan O2,66af7c72,Argon 6m3,12048,,1/31/2026 14:02:09,AKGREADY,
683271764,66af7c72,Argon 6m3,12049,,8/30/2025 9:49:07,17a8e612,
Di alihkan N2,66af7c72,Argon 6m3,12050,,1/31/2026 14:05:28,AKGREADY,
683275779,66af7c72,Argon 6m3,12051,,9/12/2025 15:17:43,e86baf3b,
,66af7c72,Argon 6m3,12052,,8/15/2025 11:48:05,AKGREADY,
683275654,66af7c72,Argon 6m3,12053,,9/22/2025 14:45:04,AKGREADY,
Di alihkan O2,66af7c72,Argon 6m3,12054,,1/31/2026 14:03:56,AKGREADY,
683271791,66af7c72,Argon 6m3,12055,,8/30/2025 9:49:31,AKGREADY,
2026000470,66af7c72,Argon 6m3,12056,,1/28/2026 15:38:44,AKGREADY,
Di alihkan O2,66af7c72,Argon 6m3,12057,,1/31/2026 14:07:40,AKGREADY,
2026000453,66af7c72,Argon 6m3,12058,,2/19/2026 10:18:45,01158be1,
683271782,66af7c72,Argon 6m3,12060,,8/30/2025 9:49:18,AKGREADY,
683275645,66af7c72,Argon 6m3,12061,,11/14/2025 14:00:30,e86baf3b,
,66af7c72,Argon 6m3,12062,,8/15/2025 11:45:06,e86baf3b,
683269626,66af7c72,Argon 6m3,12063,,8/27/2025 15:48:21,e86baf3b,
683274956,66af7c72,Argon 6m3,12064,,9/22/2025 14:43:31,e86baf3b,
683270659,66af7c72,Argon 6m3,12065,,8/27/2025 15:46:28,e86baf3b,
683269635,66af7c72,Argon 6m3,12066,,8/27/2025 15:46:40,17a8e612,
Di alihkan O2,66af7c72,Argon 6m3,12067,,1/31/2026 14:09:01,AKGREADY,
,66af7c72,Argon 6m3,12068,,11/19/2025 10:00:03,e86baf3b,
683274974,66af7c72,Argon 6m3,12069,,1/8/2026 12:29:27,17a8e612,
683275636,66af7c72,Argon 6m3,12070,,9/22/2025 14:43:16,AKGREADY,
Di alihkan O2,66af7c72,Argon 6m3,12071,,1/31/2026 14:07:56,AKGREADY,
Di alihkan O2,66af7c72,Argon 6m3,12072,,1/31/2026 14:03:47,AKGREADY,
683275609,66af7c72,Argon 6m3,12073,,9/11/2025 8:39:15,e86baf3b,
682462095,66af7c72,Argon 6m3,12074,,1/8/2026 12:26:59,e86baf3b,
Di alihkan O2,66af7c72,Argon 6m3,12075,,1/31/2026 14:00:38,AKGREADY,
Di alihkan O2,66af7c72,Argon 6m3,12076,,1/31/2026 14:02:21,AKGREADY,
683328372,66af7c72,Argon 6m3,12077,,11/5/2025 17:00:26,e86baf3b,
683329168,66af7c72,Argon 6m3,12078,,10/30/2025 11:30:35,e86baf3b,
,66af7c72,Argon 6m3,12079,,9/22/2025 14:30:34,AKGREADY,
Di alihkan O2,66af7c72,Argon 6m3,12080,,1/31/2026 14:03:03,AKGREADY,
Di alihkan CO2,66af7c72,Argon 6m3,12081,,1/31/2026 14:06:29,AKGREADY,
Di alihkan CO2,66af7c72,Argon 6m3,12082,,1/31/2026 14:06:39,AKGREADY,
Di alihkan CO2,66af7c72,Argon 6m3,12083,,1/31/2026 14:06:48,AKGREADY,
Di alihkan CO2,66af7c72,Argon 6m3,12084,,1/31/2026 14:06:58,AKGREADY,
123472111,8bdbe149,Oksigen 6m3,12095,Nomor Baru,2/28/2026 15:03:07,e86baf3b,
,ef306e54,Karbondioksida,13001,,8/6/2025 12:39:31,AKGREADY,
,ef306e54,Karbondioksida,13002,,12/3/2025 15:01:20,b2b5f2c5,
683319204,ef306e54,Karbondioksida,13003,,9/22/2025 10:24:32,1c4d5e93,
683330702,ef306e54,Karbondioksida,13004,,8/29/2025 16:40:04,AKGREADY,
683330687,ef306e54,Karbondioksida,13005,,9/22/2025 10:23:13,AKGREADY,
2026000481,ef306e54,Karbondioksida,13006,,1/27/2026 9:47:26,AKGREADY,
682364359,ef306e54,Karbondioksida,13007,,1/12/2026 13:32:51,440df1db,
682361006,ef306e54,Karbondioksida,13008,,10/4/2025 11:45:14,98c84274,
,ef306e54,Karbondioksida,13009,,,e86baf3b,
682456225,ef306e54,Karbondioksida,13010,,11/5/2025 10:21:24,AKGREADY,
,ef306e54,Karbondioksida,13011,,10/16/2025 14:49:16,AKGREADY,
683279395,ef306e54,Karbondioksida,13012,,10/4/2025 11:45:03,7b9d8eba,
2026000484,ef306e54,Karbondioksida,13013,,1/27/2026 9:45:33,1c4d5e93,
682366719,ef306e54,Karbondioksida,13014,,1/28/2026 8:42:17,63fc688a,
,ef306e54,Karbondioksida,13015,,,1c4d5e93,
,ef306e54,Karbondioksida,13016,,8/29/2025 16:40:24,AKGREADY,
,ef306e54,Karbondioksida,13017,,,8ea74d81,
696408207,ef306e54,Karbondioksida,13018,,1/27/2026 9:47:10,1c4d5e93,
,ef306e54,Karbondioksida,13019,,,e86baf3b,
2026000363,ef306e54,Karbondioksida,13020,,2/19/2026 8:42:20,63fc688a,
,ef306e54,Karbondioksida,13021,,,b2b5f2c5,
,ef306e54,Karbondioksida,13022,,,8ea74d81,
2026000423,ef306e54,Karbondioksida,13023,,2/12/2026 13:39:10,ec231cc9,
683330696,ef306e54,Karbondioksida,13024,,8/29/2025 16:40:34,AKGREADY,
,ef306e54,Karbondioksida,13025,,,b218b89b,
696411168,ef306e54,Karbondioksida,13026,,2/10/2026 12:30:47,63fc688a,
2026000426,ef306e54,Karbondioksida,13027,,2/3/2026 13:20:09,7b9d8eba,
2026000482,ef306e54,Karbondioksida,13028,,1/27/2026 9:45:21,63fc688a,
2026000450,ef306e54,Karbondioksida,13029,,1/28/2026 16:56:00,f7243d00,
2026000434,ef306e54,Karbondioksida,13030,,1/30/2026 16:17:41,b218b89b,
,ef306e54,Karbondioksida,13031,,8/21/2025 11:51:08,b218b89b,
,ef306e54,Karbondioksida,13032,,8/19/2025 13:31:56,98c84274,
,ef306e54,Karbondioksida,13033,,8/19/2025 13:32:10,AKGREADY,
2026000449,ef306e54,Karbondioksida,13034,,1/28/2026 16:55:47,AKGREADY,
672403136,ef306e54,Karbondioksida,13035,,2/13/2026 10:31:51,63fc688a,
,ef306e54,Karbondioksida,13036,,10/24/2025 10:59:47,9e66ced9,
696408094,ef306e54,Karbondioksida,13037,,1/27/2026 9:46:33,1c4d5e93,
696408058,ef306e54,Karbondioksida,13038,,2/13/2026 10:30:49,AKGREADY,
,ef306e54,Karbondioksida,13039,,10/27/2025 9:00:50,440df1db,
,ef306e54,Karbondioksida,13040,,10/28/2025 11:02:52,9e66ced9,
2026000369,ef306e54,Karbondioksida,13041,,2/13/2026 13:38:29,4ec68cf6,
2026000364,ef306e54,Karbondioksida,13042,,2/19/2026 8:41:38,98c84274,
2026000435,ef306e54,Karbondioksida,13043,,2/13/2026 10:30:31,AKGREADY,
,ef306e54,Karbondioksida,13044,,11/17/2025 14:57:52,9e66ced9,
2026000361,ef306e54,Karbondioksida,13045,,2/19/2026 8:42:10,1c4d5e93,
2026000437,ef306e54,Karbondioksida,13046,,1/30/2026 16:17:11,440df1db,
,ef306e54,Karbondioksida,13047,,11/20/2025 16:14:32,1c4d5e93,
696409011,ef306e54,Karbondioksida,13048,,1/27/2026 9:48:02,ec231cc9,
2026000488,ef306e54,Karbondioksida,13049,,1/24/2026 12:56:16,440df1db,
696409048,ef306e54,Karbondioksida,13050,,1/27/2026 9:48:19,63fc688a,
696408067,ef306e54,Karbondioksida,13051,,2/28/2026 10:01:04,b2b5f2c5,
123455,ef306e54,Karbondioksida,13052,,12/10/2025 11:28:09,63fc688a,
2026000422,ef306e54,Karbondioksida,13053,,2/5/2026 9:01:57,7b9d8eba,
11234556,ef306e54,Karbondioksida,13054,,12/10/2025 11:29:15,e86baf3b,
2026000362,ef306e54,Karbondioksida,13055,,2/19/2026 8:41:59,AKGREADY,
696411177,ef306e54,Karbondioksida,13056,,2/10/2026 12:30:33,1c4d5e93,
2026000427,ef306e54,Karbondioksida,13057,,2/3/2026 13:20:32,b218b89b,
2026000483,ef306e54,Karbondioksida,13058,,1/27/2026 9:45:44,98c84274,
111111,ef306e54,Karbondioksida,13059,,12/10/2025 11:32:15,e86baf3b,
112222,ef306e54,Karbondioksida,13060,,12/10/2025 11:32:37,e86baf3b,
1122233,ef306e54,Karbondioksida,13061,,12/10/2025 11:32:52,b218b89b,
2026000436,ef306e54,Karbondioksida,13062,,1/30/2026 16:17:52,63fc688a,
221111223,ef306e54,Karbondioksida,13063,,12/10/2025 11:33:24,e86baf3b,
682368373,8bdbe149,Oksigen 6m3,11341,,1/8/2026 12:24:17,514e8cd0,
673539243,e8544a46,Oksigen 1m3,0004,,1/8/2026 12:30:30,a1508027,
673539410,e8544a46,Oksigen 1m3,0002,,1/8/2026 12:31:13,6b737895,
11124622,7d2764f1,Oksigen 7m3,11332,,1/8/2026 12:50:31,de41c3e8,No Baru
2026000480,7d2764f1,Oksigen 7m3,11333,,1/27/2026 9:48:32,AKGREADY,No Baru
14426585,7d2764f1,Oksigen 7m3,11334,,1/8/2026 12:51:15,AKGREADY,No Baru
2026000479,7d2764f1,Oksigen 7m3,11335,,1/27/2026 9:48:41,58b72e0c,No Baru
11452635,7d2764f1,Oksigen 7m3,11336,,1/8/2026 12:52:06,de41c3e8,No Baru
2026000439,7d2764f1,Oksigen 7m3,11337,,1/30/2026 16:18:16,4ec68cf6,No Baru
2026000478,7d2764f1,Oksigen 7m3,11338,,1/27/2026 9:48:52,01158be1,No Baru
111425638,7d2764f1,Oksigen 7m3,11339,,1/8/2026 12:53:10,785e0e07,No Baru
683326161,8bdbe149,Oksigen 6m3,11340,,2/9/2026 13:56:12,01158be1,No Baru
223265,e8544a46,Oksigen 1m3,0001,,1/8/2026 12:56:41,52cc8b7f,
222365,e8544a46,Oksigen 1m3,0007,,1/8/2026 12:57:10,b89c20a1,
22236596,e8544a46,Oksigen 1m3,0008,,1/8/2026 12:57:22,AKGREADY,
778890,3b9d6a30,Acetyline,7001,,1/8/2026 13:00:16,e86baf3b,No Baru
2026000476,3b9d6a30,Acetyline,7002,,1/28/2026 13:39:25,AKGREADY,No Baru
2026000500,3b9d6a30,Acetyline,7003,,1/24/2026 12:12:52,89d46c39,
2026000474,3b9d6a30,Acetyline,7004,,1/28/2026 13:39:10,AKGREADY,No Baru
2026000475,3b9d6a30,Acetyline,7005,,1/28/2026 13:39:36,AKGREADY,No Baru
2026000472,3b9d6a30,Acetyline,7006,,1/28/2026 13:39:47,AKGREADY,No Baru
2026000473,3b9d6a30,Acetyline,7007,,1/28/2026 13:40:00,AKGREADY,No Baru
682367222,8bdbe149,Oksigen 6m3,1163,,2/19/2026 10:16:58,01158be1,
673543051,8bdbe149,Oksigen 6m3,11103,,1/12/2026 13:31:58,9828dfc5,
,,,,,,,
,,,,,,,
2026000465,a50ce892,Nitrogen 6m3,14005,,1/28/2026 15:40:24,d9b2fac5,
2026000464,a50ce892,Nitrogen 6m3,14002,,1/28/2026 15:40:06,d9b2fac5,
2026000463,a50ce892,Nitrogen 6m3,14003,,1/28/2026 15:39:52,AKGREADY,
696407235,a50ce892,Nitrogen 6m3,14001,,1/10/2026 11:35:43,AKGREADY,
2026000466,a50ce892,Nitrogen 6m3,14004,,1/28/2026 15:39:41,d9b2fac5,
000012,be525f3b,LPG 12kg,L001,,1/10/2026 11:44:13,AKGREADY,
000013,be525f3b,LPG 12kg,L002,,1/10/2026 11:45:07,AKGREADY,
000014,be525f3b,LPG 12kg,L003,,1/10/2026 11:45:28,AKGREADY,
000015,be525f3b,LPG 12kg,L004,,1/10/2026 11:46:50,eec2e801,
000016,be525f3b,LPG 12kg,L005,,1/10/2026 11:47:13,98c84274,
000017,be525f3b,LPG 12kg,L006,,1/10/2026 11:47:30,AKGREADY,
000018,be525f3b,LPG 12kg,L007,,1/10/2026 11:47:52,057b6b99,
000019,be525f3b,LPG 12kg,L008,,1/10/2026 11:48:06,AKGREADY,
000020,be525f3b,LPG 12kg,L009,,1/10/2026 11:48:22,AKGREADY,
,,,,,,,
0001,b7a8fff1,LPG 50kg,LL001,,1/10/2026 11:52:41,f7243d00,
0002,b7a8fff1,LPG 50kg,LL002,,1/10/2026 11:52:50,AKGREADY,
0003,b7a8fff1,LPG 50kg,LL003,,1/10/2026 11:53:04,AKGREADY,
0004,b7a8fff1,LPG 50kg,LL004,,1/10/2026 11:53:19,AKGREADY,
0005,b7a8fff1,LPG 50kg,LL005,,1/10/2026 11:53:31,196b24da,
0006,b7a8fff1,LPG 50kg,LL006,,1/10/2026 11:53:45,AKGREADY,
0007,b7a8fff1,LPG 50kg,LL007,,1/10/2026 11:53:58,AKGREADY,
0008,b7a8fff1,LPG 50kg,LL008,,1/10/2026 11:54:15,AKGREADY,
0009,b7a8fff1,LPG 50kg,LL009,,1/10/2026 11:54:36,AKGREADY,
00010,b7a8fff1,LPG 50kg,LL0010,,1/10/2026 11:54:48,AKGREADY,
00011,b7a8fff1,LPG 50kg,LL0011,,1/10/2026 11:55:02,AKGREADY,
682456517,8bdbe149,Oksigen 6m3,11295,,1/10/2026 12:26:50,057b6b99,
673544698,7d2764f1,Oksigen 7m3,11342,,1/12/2026 15:09:04,d9b2fac5,Nomor baru
2026000499,8bdbe149,Oksigen 6m3,1199,,1/24/2026 12:51:34,63fc688a,
,,,,,,,
11112333,7d2764f1,Oksigen 7m3,76,,1/17/2026 13:58:09,dcc017cb,
2026000428,ef306e54,Karbondioksida,13064,,2/3/2026 13:18:21,1c4d5e93,Nomor Baru
672401244,ef306e54,Karbondioksida,13065,,1/21/2026 12:30:42,ec231cc9,Nomor Baru
696410725,8bdbe149,Oksigen 6m3,11343,,2/9/2026 13:59:48,AKGREADY,Nomor Baru
2026000455,8bdbe149,Oksigen 6m3,11344,,1/28/2026 15:37:54,01158be1,Nomor Baru
683275584,8bdbe149,Oksigen 6m3,11345,,3/13/2026 13:56:07,1c4d5e93,Nomor Baru
2026000456,8bdbe149,Oksigen 6m3,11346,,1/28/2026 15:35:40,01158be1,Nomor Baru
1425639,8bdbe149,Oksigen 6m3,11347,,1/21/2026 11:06:07,514e8cd0,Nomor Baru
2026000486,8bdbe149,Oksigen 6m3,11348,,1/27/2026 9:08:44,63fc688a,Nomor Baru
,,,,,,,
,,,,,,,
,,,,,,,
11452639,7d2764f1,Oksigen 7m3,741,,1/22/2026 10:38:38,ec231cc9,Botol JA
12549632,ef306e54,Karbondioksida,13066,,1/24/2026 8:56:16,AKGREADY,Nomor Baru
2026000448,ef306e54,Karbondioksida,13067,,1/30/2026 9:40:52,1c4d5e93,Nomor Baru
2026000498,8bdbe149,Oksigen 6m3,11357,,1/24/2026 12:47:40,89d46c39,
2026000497,8bdbe149,Oksigen 6m3,11358,,1/24/2026 12:48:04,AKGREADY,
2026000496,8bdbe149,Oksigen 6m3,11352,,1/24/2026 12:48:42,1c4d5e93,
2026000495,8bdbe149,Oksigen 6m3,11353,,1/24/2026 12:49:06,AKGREADY,
2026000494,8bdbe149,Oksigen 6m3,11354,,1/24/2026 12:49:26,63fc688a,
2026000493,8bdbe149,Oksigen 6m3,11355,,1/24/2026 12:49:44,b2b5f2c5,
2026000489,8bdbe149,Oksigen 6m3,11351,,1/24/2026 12:50:17,b218b89b,
2026000490,8bdbe149,Oksigen 6m3,11350,,1/24/2026 12:50:29,63fc688a,
2026000491,8bdbe149,Oksigen 6m3,11349,,1/24/2026 12:50:46,3b04351a,
2026000492,8bdbe149,Oksigen 6m3,11356,,1/24/2026 12:51:03,e86baf3b,
,,,,,,,
784522663,8bdbe149,Oksigen 6m3,1207,,1/28/2026 10:20:41,ec231cc9,Botol PG relasi
2026000433,ef306e54,Karbondioksida,13069,,1/31/2026 14:15:06,f7243d00,
2026000432,ef306e54,Karbondioksida,13070,,1/31/2026 14:15:27,63fc688a,
2026000431,ef306e54,Karbondioksida,13068,,1/31/2026 14:15:38,440df1db,
000021,be525f3b,LPG 12kg,L0010,,2/2/2026 13:53:16,AKGREADY,
000022,be525f3b,LPG 12kg,L0011,,2/2/2026 13:53:47,eec2e801,
2026000415,ef306e54,Karbondioksida,13071,,2/5/2026 9:35:00,f7243d00,
2026000414,ef306e54,Karbondioksida,13072,,2/5/2026 9:35:28,AKGREADY,
2026000413,ef306e54,Karbondioksida,13073,,2/5/2026 9:35:36,1c4d5e93,
2026000411,ef306e54,Karbondioksida,13075,,2/5/2026 14:57:04,8ea74d81,
2026000412,ef306e54,Karbondioksida,13074,,2/5/2026 14:57:13,AKGREADY,
1448243232,8bdbe149,Oksigen 6m3,56,,2/6/2026 14:46:50,AKGREADY,sementara
683325205,8bdbe149,Oksigen 6m3,1160,,2/10/2026 12:15:40,d46989c9,
683325180,8bdbe149,Oksigen 6m3,11264,,2/10/2026 12:16:31,ba97d58d,
2026000394,8bdbe149,Oksigen 6m3,11359,,2/11/2026 16:03:46,ec231cc9,
2026000397,8bdbe149,Oksigen 6m3,11360,,2/11/2026 16:04:04,9e66ced9,
2026000395,8bdbe149,Oksigen 6m3,11361,,2/11/2026 16:04:12,057b6b99,
2026000398,8bdbe149,Oksigen 6m3,11362,,2/11/2026 16:04:28,9828dfc5,
2026000396,8bdbe149,Oksigen 6m3,11363,,2/11/2026 16:04:59,b2b5f2c5,
2026000393,8bdbe149,Oksigen 6m3,11364,,2/11/2026 16:22:31,785e0e07,
2026000392,8bdbe149,Oksigen 6m3,11367,,2/11/2026 16:22:40,734c6d17,
2026000391,8bdbe149,Oksigen 6m3,11365,,2/11/2026 16:22:50,58b72e0c,
2026000390,8bdbe149,Oksigen 6m3,11366,,2/11/2026 16:22:59,734c6d17,
2026000389,8bdbe149,Oksigen 6m3,11368,,2/11/2026 16:23:08,8b765561,
14526355+,8bdbe149,Oksigen 6m3,12,,2/12/2026 8:37:01,ec231cc9,botol tmn cak gik
2026000388,8bdbe149,Oksigen 6m3,11372,,2/12/2026 15:42:52,AKGREADY,
2026000387,8bdbe149,Oksigen 6m3,11374,,2/12/2026 15:43:01,02c693f1,
2026000386,8bdbe149,Oksigen 6m3,11373,,2/12/2026 15:43:11,3bcd7fe6,
2026000384,8bdbe149,Oksigen 6m3,11371,,2/12/2026 15:43:20,3b04351a,
2026000385,8bdbe149,Oksigen 6m3,11370,,2/12/2026 15:43:31,785e0e07,
2026000383,8bdbe149,Oksigen 6m3,11369,,2/12/2026 15:43:39,3b04351a,
2026000379,8bdbe149,Oksigen 6m3,11382,,2/13/2026 9:55:32,4ec68cf6,
2026000374,8bdbe149,Oksigen 6m3,11381,,2/13/2026 9:55:44,9828dfc5,
2026000380,8bdbe149,Oksigen 6m3,11375,,2/13/2026 9:55:53,AKGREADY,
2026000375,8bdbe149,Oksigen 6m3,11380,,2/13/2026 9:56:01,b2b5f2c5,
2026000377,8bdbe149,Oksigen 6m3,11378,,2/13/2026 9:56:08,58b72e0c,
2026000381,8bdbe149,Oksigen 6m3,11377,,2/13/2026 9:56:15,63fc688a,
2026000382,8bdbe149,Oksigen 6m3,11376,,2/13/2026 9:56:24,057b6b99,
2026000378,8bdbe149,Oksigen 6m3,11379,,2/13/2026 9:56:38,63fc688a,
2026000376,8bdbe149,Oksigen 6m3,11383,,2/13/2026 9:56:46,1c4d5e93,
2026000368,7d2764f1,Oksigen 7m3,11384,,4/7/2026 12:37:33,01158be1,
2026000458,8bdbe149,Oksigen 6m3,11385,,2/21/2026 9:46:22,AKGREADY,
No Barcode,8bdbe149,Oksigen 6m3,1145,,2/25/2026 8:23:36,ce83e171,
Not Valid,8bdbe149,Oksigen 6m3,11131,,3/3/2026 8:41:57,AKGREADY,
No Barcode,7d2764f1,Oksigen 7m3,11313,,3/7/2026 16:04:31,9828dfc5,
No Barcode,7d2764f1,Oksigen 7m3,11386,,3/11/2026 9:51:36,9828dfc5,
No Barcode,7d2764f1,Oksigen 7m3,11387,,3/11/2026 9:52:01,AKGREADY,
No Barcode,7d2764f1,Oksigen 7m3,11388,,3/11/2026 10:43:29,01158be1,
No Barcode,7d2764f1,Oksigen 7m3,11389,,3/11/2026 10:43:52,01158be1,
No Barcode,7d2764f1,Oksigen 7m3,11390,,3/11/2026 10:44:07,63fc688a,
No Barcode,7d2764f1,Oksigen 7m3,11391,,3/11/2026 10:44:17,057b6b99,
2026000358,7d2764f1,Oksigen 7m3,11392,,3/28/2026 16:38:08,AKGREADY,
No Barcode,7d2764f1,Oksigen 7m3,11393,,3/11/2026 10:44:38,9e5d8274,
No Barcode,7d2764f1,Oksigen 7m3,11394,,3/11/2026 10:45:07,AKGREADY,
No Barcode,7d2764f1,Oksigen 7m3,11395,,3/11/2026 10:45:16,d9b2fac5,
BAS,3b9d6a30,Acetyline,7814,,3/11/2026 16:35:19,AKGREADY,
BAS,3b9d6a30,Acetyline,7956,,3/11/2026 16:35:34,AKGREADY,
No Barcode,a50ce892,Nitrogen 6m3,14006,,3/14/2026 11:02:01,AKGREADY,
No Barcode,a50ce892,Nitrogen 6m3,14007,,3/14/2026 11:03:19,AKGREADY,
No Barcode,a50ce892,Nitrogen 6m3,14008,,3/14/2026 11:03:28,AKGREADY,
No Barcode,a50ce892,Nitrogen 6m3,14009,,3/14/2026 11:03:35,AKGREADY,
No Barcode,a50ce892,Nitrogen 6m3,14010,,3/14/2026 11:03:43,AKGREADY,
No Barcode,a50ce892,Nitrogen 6m3,14011,,3/14/2026 11:03:52,AKGREADY,
No Barcode,a50ce892,Nitrogen 6m3,14012,,3/14/2026 11:04:00,AKGREADY,
No Barcode,a50ce892,Nitrogen 6m3,14013,,3/14/2026 11:04:08,17a8e612,
No Barcode,a50ce892,Nitrogen 6m3,14014,,3/14/2026 11:04:18,17a8e612,
No Barcode,a50ce892,Nitrogen 6m3,14015,,3/14/2026 11:04:26,AKGREADY,
No barcode,8bdbe149,Oksigen 6m3,1175,,3/25/2026 8:50:38,9e66ced9,
Nobarcode,66af7c72,Argon 6m3,12059,,4/17/2026 9:42:03,AKGREADY,